product_name_1,product_name_2,similarity
附發票》旭光 LED燈泡3.5W【全電壓 白光 黃光 E27頭 LED 燈泡 球泡燈 球燈泡】 另售8W 10W 13W,旭光 10W LED 燈泡 附發票《白光/黃光/自然光》E27燈泡 高效球泡【奇亮科技】,0.9613676071166992
《附發票》E27崁燈 / 橫插加玻崁燈 / 橫插防眩嵌燈15公分 / 圓型防眩型橫插崁燈E27 適用LED燈泡16W以下,含稅 直插崁燈 玻璃崁燈 E27崁燈 崁孔15公分15cm 可搭LED燈泡 或 省電螺旋燈泡【奇亮精選】,0.959623396396637
歐司朗 OSRAM LED燈泡 12W 星亮 球泡燈 省電燈泡 節能標章 E27 可選 白光 / 黃光 / 自然光 現貨,【國家級CNS認證】《奇亮科技》德國 OSRAM 歐司朗 12W E27 經濟型 省電燈泡 LED燈泡 白光 自然光,0.9534299373626709
歐司朗 OSRAM LED燈泡 星亮經典 12W 球泡燈 省電燈泡 節能標章 E27 可選 白光 / 黃光 / 自然光,【國家級CNS認證】《奇亮科技》德國 OSRAM 歐司朗 12W E27 經濟型 省電燈泡 LED燈泡 白光 自然光,0.9504483938217163
含稅》旭光 LED球泡10W 白光 黃光 E27燈頭。LED燈泡。全電壓。售8W 13W 16W -《HY生活館》,旭光 10W LED 燈泡 附發票《白光/黃光/自然光》E27燈泡 高效球泡【奇亮科技】,0.9499739408493042
歐司朗 小晶靈LED燈泡 冰棒燈 小小冰 小雪糕 燈泡 全電壓 可選 E14 E27 7W 10W 12W 白光 黃光,含稅 OSRAM歐司朗 E14 7W LED燈泡 小精靈小晶靈  發光角度大 全電壓 省電燈泡 小雪糕,0.9383333921432495
附發票》旭光LED球泡3.5W 【全電壓 LED 燈泡 球泡燈 3.5W E27頭】另售 8W 10W 13W 16W,旭光 10W LED 燈泡 附發票《白光/黃光/自然光》E27燈泡 高效球泡【奇亮科技】,0.9383220076560974
含稅》旭光 LED全發光系列 LED球泡10W 白光 黃光【LED燈泡。LED球泡燈 全電壓】-《HY生活館》,旭光 10W LED 燈泡 附發票《白光/黃光/自然光》E27燈泡 高效球泡【奇亮科技】,0.9326745271682739
附發票》旭光 LED 燈泡 3.5W【LED燈泡3.5W 全電壓 白光 黃光 E27頭】售歐司朗 8W 9W 13W,旭光 10W LED 燈泡 附發票《白光/黃光/自然光》E27燈泡 高效球泡【奇亮科技】,0.9301095604896545
含稅》旭光LED燈泡8W【E27燈頭 全電壓 LED 球泡燈 球燈泡 省電燈泡 8W 白光 黃光】-《HY生活館》,旭光 20W LED燈泡 E27 白光 黃光 自然光 高光效球泡 省電燈泡 大瓦數 全電壓 CNS【奇亮科技】含稅,0.9290838837623596
含稅》旭光LED燈泡13W【LED 球燈泡 球泡燈 可選晝光色 6000K 燈泡色 3000K】-《HY生活館》,【奇亮科技】附發票 旭光 13W LED燈泡 CNS認證 白光 黃光 自然光 E27燈泡 高光效球泡燈,0.9269347786903381
含稅》旭光LED燈泡10W 白光 黃光【LED球燈泡。LED球泡燈 全電壓】另售13W 16W -《HY生活館》,旭光 10W LED 燈泡 附發票《白光/黃光/自然光》E27燈泡 高效球泡【奇亮科技】,0.9242491722106934
附發票》 e極亮 LED 燈泡 【LED廣角型燈泡 25W】 白光 黃光 可選 E27頭 全電壓 -《HY生活館》,【奇亮科技】E極亮 25W LED燈泡 高流明 高光效 超亮款 E27接頭 大功率省電燈泡 CNS  附發票,0.9203980565071106
附發票》 e極亮 LED 廣角型燈泡 【LED燈泡 50W】 白光 黃光 可選 E27 全電壓 -《HY生活館》,【奇亮科技】附發票 E極亮 3W E27 LED廣角球泡 台灣製造 E27燈泡 LED燈泡 全電壓,0.9185943007469177
OSRAM 歐司朗 LED燈泡8.5W 節能燈泡【LED省電燈泡 全電壓 E27燈頭 8.5W】可選白光 / 黃光 現貨,【國家級CNS認證】《奇亮科技》德國 OSRAM 歐司朗 12W E27 經濟型 省電燈泡 LED燈泡 白光 自然光,0.9173924326896667
德國歐司朗 LED燈泡 星亮經典型 8.5W E27 OSRAM 球泡 燈泡 節能標章 可選 白光 / 黃光 / 自然光,【國家級CNS認證】《奇亮科技》德國 OSRAM 歐司朗 12W E27 經濟型 省電燈泡 LED燈泡 白光 自然光,0.9156419634819031
E極亮照明 LED 廣角型燈泡 【LED燈泡 25W】 E27頭 白光 黃光 可選 全電壓 -《HY生活館》另有 16w,【奇亮科技】E極亮 25W LED燈泡 高流明 高光效 超亮款 E27接頭 大功率省電燈泡 CNS  附發票,0.9136769771575928
含稅》旭光LED球泡 3.5W 8W 10W 13W LED省電燈泡 《白光 黃光》神明燈LED燈泡110V,旭光 20W LED燈泡 E27 白光 黃光 自然光 高光效球泡 省電燈泡 大瓦數 全電壓 CNS【奇亮科技】含稅,0.9134337306022644
附發票》 e極亮 LED 燈泡【LED廣角型球泡 10W 全電壓 E27頭 白光 自然光 黃光】另售旭光 東亞 8W,【奇亮科技】附發票 E極亮 3W E27 LED廣角球泡 台灣製造 E27燈泡 LED燈泡 全電壓,0.9121218323707581
歐司朗 LED燈泡 E27球泡 節能省電燈泡 全電壓《6.5W 8.5W 12W 14W》 《白光、黃光、自然光》,【國家級CNS認證】《奇亮科技》德國 OSRAM 歐司朗 12W E27 經濟型 省電燈泡 LED燈泡 白光 自然光,0.9113975763320923
OSRAM 歐司朗 LED球泡燈 E27球泡 節能省電燈泡 全電壓《LED 燈泡 6.5W 8.5W 12W 14W》,【國家級CNS認證】《奇亮科技》德國 OSRAM 歐司朗 12W E27 經濟型 省電燈泡 LED燈泡 白光 自然光,0.9110957980155945
【OSRAM 歐司朗】小晶靈 LED燈泡 7W E14 省電燈泡 OSRAM《可選白光、黃光、自然光》另售崁燈 支架燈,含稅 OSRAM歐司朗 E14 7W LED燈泡 小精靈小晶靈  發光角度大 全電壓 省電燈泡 小雪糕,0.9107832312583923
含稅附發票》 e極亮 LED 燈泡 【25w LED廣角型燈泡】 全電壓 白光 黃光 可選 E27頭 另 14w 65w,【奇亮科技】E極亮 25W LED燈泡 高流明 高光效 超亮款 E27接頭 大功率省電燈泡 CNS  附發票,0.9090777039527893
含稅》旭光 LED燈泡8W【LED省電燈泡 8W 白光 / 黃光】LED 球燈泡 球泡燈 可取代螺旋燈泡 球型省電燈泡,旭光 20W LED燈泡 E27 白光 黃光 自然光 高光效球泡 省電燈泡 大瓦數 全電壓 CNS【奇亮科技】含稅,0.9071406126022339
E極亮照明 LED 廣角型燈泡 【LED燈泡25W】 E27 白光 黃光 可選 全電壓《HY生活館》另有10w 13w,【奇亮科技】E極亮 25W LED燈泡 高流明 高光效 超亮款 E27接頭 大功率省電燈泡 CNS  附發票,0.9061841368675232
附發票》 e極亮 LED 燈泡【LED廣角型燈泡 13W】 全電壓 E27 白光 自然光 黃光 可選 -《HY生活館》,【奇亮科技】附發票 旭光 13W LED燈泡 CNS認證 白光 黃光 自然光 E27燈泡 高光效球泡燈,0.9052034020423889
E極亮照明 LED 燈泡 【LED廣角型燈泡 50W】 E27頭 白光 黃光 可選 全電壓 -《HY生活館》另有 10w,附發票【奇亮科技】E極亮 16W LED燈泡 省電燈泡 全電壓 E27燈頭 高光效 超亮 白光 黃光 自然光,0.9010343551635742
含稅》E極亮 廣角型LED燈泡 【16w LED球泡 白光 自然光 黃光 E27頭】另售旭光 東亞 飛利浦14w 50w,附發票【奇亮科技】E極亮 16W LED燈泡 省電燈泡 全電壓 E27燈頭 高光效 超亮 白光 黃光 自然光,0.9008619785308838
《附發票》美式燈頭 廣告燈頭 紅銅燈頭 美式燈座 適用E27頭燈泡 售旭光 LED燈泡 崁燈《HY生活館》水電材料專賣店,,
《含稅附發票》電精靈 E27頭 日式引掛燈座 珍珠燈座 另售螺旋燈泡 LED燈泡 開關插座 電纜電線 -《HY生活館》,,
【OSRAM 歐司朗】LED球泡燈 6.5W 節能球泡 LED燈泡 全電壓 省電燈泡 可選 白光 / 黃光 / 自然光,,
E27 節能壁燈附蓋。適用3U / LED燈泡 / 螺旋省電燈泡。可用27W以下螺旋燈泡 適用樓梯間 廁所 陽台 走道燈,,
E極亮照明【LED燈泡 E27頭10W 13W 16W 白光 黃光 自然光】【E12頭 LED球泡 神明燈 清光 紅光】,,
含稅附發票》 e極亮 LED 廣角型燈泡 【50w LED燈泡 E27頭】 全電壓 白光 黃光 可選 另 14w 65w,,
歐司朗 7W LED燈泡 小晶靈 省電燈泡 E14頭 全電壓100-240V 可選白光 黃光 自然光 另售旭光 吸頂燈,,
含稅》E極亮 LED廣角型燈泡10W 【LED燈泡 10W 全電壓 晝白光 自然光 黃光 可選】,,
E極亮 LED燈泡 【LED廣角型球泡 16W】白光 自然光 黃光 可選 全電壓 -《HY生活館》另有 東亞 旭光13w,,
含稅》e極亮 LED 燈泡 13W【13wLED廣角型球泡】E27頭 可選 白光 自然光 黃光 另有10W 8W 13W,,
E極亮 LED廣角型球泡13W【LED燈泡 13W 全電壓 E27頭 晝白光 自然光 黃光 可選】-《HY生活館》,,
含稅》E極亮 LED 廣角型球泡10W 【LED燈泡 10W】 全電壓 白光 自然光 黃光 可選 -《HY生活館》,,
